{
  "lasso": {
    "rmse": 0.05119540794460902,
    "mae": 0.04672967165590819,
    "r2": 0.7211771090484673,
    "mape": 2.3758421566898216
  },
  "ridge": {
    "rmse": 0.03937088770985288,
    "mae": 0.03433405296039516,
    "r2": 0.8351014548239354,
    "mape": 1.7367261850145372
  },
  "elastic_net": {
    "rmse": 0.038354476699585076,
    "mae": 0.03452634640378072,
    "r2": 0.8435056965964263,
    "mape": 1.7581530126716087
  },
  "random_forest": {
    "rmse": 0.1513046249082985,
    "mae": 0.1321721313801184,
    "r2": -1.4354028861814756,
    "mape": 6.659685861897851
  },
  "gradient_boosting": {
    "rmse": 0.15552684811633094,
    "mae": 0.1379396811279352,
    "r2": -1.5732213813209075,
    "mape": 6.96429581698505
  },
  "svr": {
    "rmse": 0.2290722820940556,
    "mae": 0.20577478253136233,
    "r2": -4.582278436984976,
    "mape": 10.4019046832368
  },
  "ensemble_simple": {
    "rmse": 0.11007266935721462,
    "mae": 0.0983280516177717,
    "r2": -0.2889183513407687,
    "mape": 4.968440928246739
  },
  "ensemble_weighted": {
    "rmse": 0.0670849316455522,
    "mae": 0.060223041540663394,
    "r2": 0.521241637287445,
    "mape": 3.0477911268405267
  }
}